codigo,nombre,latitud,longitud,elevacion,comuna,region,primera_lectura
CEAZA-RPL,Rapel,-30.7228,-70.77249,862,Monte Patria,Coquimbo,2012-03-15 14:00
CEAZA-INILLA,Illapel,-31.64814,-71.19695,275,Illapel,Coquimbo,2011-01-01 0:00
CEAZA-MARPCH,Punta de Choros,-29.24724,-71.46797,7,La Higuera,Coquimbo,2011-01-04 11:00
CEAZA-LCAR,Las Cardas,-30.25145,-71.2569,282,Coquimbo,Coquimbo,2012-06-12 17:00
CEAZA-8,Pisco Elqui,-30.12903,-70.49471,1240,Paiguano,Coquimbo,2004-02-01 0:00
CEAZA-5,El Romeral,-29.75406,-71.25744,162,La Serena,Coquimbo,2004-02-01 0:00
CEAZA-4,El Panul,-29.99874,-71.39852,122,Coquimbo,Coquimbo,2004-03-29 17:00
CEAZA-3,Pan de Azúcar,-30.07465,-71.23895,135,Coquimbo,Coquimbo,2004-02-01 0:00
CEAZA-6,Vicuña,-30.03832,-70.69655,634,Vicuña,Coquimbo,2004-01-31 23:00
CEAZA-9,Gabriela Mistral,-29.97852,-71.08039,198,La Serena,Coquimbo,2004-02-01 0:00
CEAZA-UCNG,UCN Guayacan,-29.96663,-71.35284,1,Coquimbo,Coquimbo,2011-02-23 17:00
CEAZA-QS,Quebrada Seca,-30.49613,-71.49051,183,Ovalle,Coquimbo,2012-12-11 12:00
CEAZA-TLH,Talhuén,-30.59203,-71.24797,292,Ovalle,Coquimbo,2013-01-03 14:00
CEAZA-CHHT,Huintil,-31.57331,-70.99815,590,Illapel,Coquimbo,2010-04-13 17:00
CEAZA-LVD,Lavaderos,-30.3093,-70.62565,1462,Río Hurtado,Coquimbo,2013-01-22 15:00
CEAZA-LMBT,Los Molles - Bocatoma,-30.746,-70.41923,2543,Monte Patria,Coquimbo,2011-05-15 0:00
CEAZA-CAN,Canela,-31.39089,-71.41298,350,Canela,Coquimbo,2013-07-08 17:00
CEAZA-CHILL,Chillepín,-31.88563,-70.71395,887,Salamanca,Coquimbo,2013-07-09 14:00
CEAZA-LAGEL,La Laguna - Elqui,-30.20311,-70.03722,3209,Vicuña,Coquimbo,2013-06-05 21:00
CEAZA-CACH,Cachiyuyo,-29.0572,-70.90517,950,Vallenar,Atacama,2013-09-05 8:00
CEAZA-PICHA,Pichasca,-30.41323,-70.90277,670,Río Hurtado,Coquimbo,2013-08-13 16:00
CEAZA-COMB,Combarbalá Sur,-31.20022,-71.00015,1136,Combarbalá,Coquimbo,2013-10-16 17:00
CEAZA-PC,Punta Colorada,-29.35411,-71.03286,379,La Higuera,Coquimbo,2013-12-10 15:00
CEAZA-TPF,El Tapado,-30.1583,-69.90818,4306,Vicuña,Coquimbo,2013-11-21 20:00
CEAZA-MIN,Mincha Sur,-31.59425,-71.42159,50,Canela,Coquimbo,2013-07-23 17:00
CEAZA-ANDA,Collowara,-30.24875,-71.06526,1281,Andacollo,Coquimbo,2014-01-13 16:00
CEAZA-LSC,Universidad de La Serena,-29.91502,-71.24221,90,La Serena,Coquimbo,2014-07-08 12:00
CEAZA-TASC,Tascadero,-31.26295,-70.53999,3427,Monte Patria,Coquimbo,2012-11-27 6:00
CEAZA-LAGHU,Laguna Hurtado,-30.50903,-70.44594,2500,Río Hurtado,Coquimbo,2013-08-03 21:00
IEB-CNFJQ,Fray Jorge Quebrada,-30.65819,-71.66399,230,Ovalle,Coquimbo,2010-01-01 0:00
IEB-CNFJB,Fray Jorge Bosque,-30.64975,-71.68576,541,Ovalle,Coquimbo,2010-01-01 0:00
UPLA-SALH,Salar de Huasco,-20.25704,-68.87269,3804,Pica,Tarapacá,2015-09-25 0:00
CEAZA-HDC,Guandacol,-30.54363,-70.3329,2983,Río Hurtado,Coquimbo,2016-10-29 21:00
CEAZA-CGR,Cerro Grande,-29.93848,-71.22351,513,La Serena,Coquimbo,2015-08-05 15:00
CEAZA-EDER,Estero Derecho,-30.38407,-70.41286,3020,Paiguano,Coquimbo,2016-08-25 20:00
CEAZA-EPLV,El Polvo,-31.18314,-70.5848,2561,Monte Patria,Coquimbo,2017-11-15 13:00
UCONCE-DICHA,Dichato,-36.54483,-72.93268,0,Tomé,Biobío,2016-05-17 12:00
UCONCE-TRT,Tortel,-47.80361,-73.54117,0,Tortel,Aisén,2015-12-15 17:00
ANPROS-21318010,Concordia Medio,-18.360768,-70.293211,115,Arica,Arica y Parinacota,2019-01-02 11:00
ANPROS-21318009,La Violeta Open,-18.513323,-70.218336,199,Arica,Arica y Parinacota,2019-01-02 9:00
ANPROS-20433958,Temuco,-38.821389,-72.432778,157,Temuco,La Araucanía,2021-03-01 14:00
DMC-390028,Villarrica,-39.19,-72.11222,393,Villarrica,La Araucanía,2019-08-14 1:00
DMC-400013,Adolfo Matthei,-40.59056,-73.11222,53,Osorno,Los Lagos,2018-12-18 4:00
MMA-340093,Portezuelo-Codelco,-34.19833,-70.57917,1185,Machalí,O'Higgins,2018-12-18 6:00
MMA-380033,Maquehue - UFRO,-38.83778,-72.69444,74,Freire,La Araucanía,2018-12-11 3:00
DMC-390006,Aeropuerto Pichoy,-39.65056,-73.08083,21,Mariquina,Los Ríos,2018-12-11 3:00
DMC-390015,Isla Teja - UACh,-39.79944,-73.25833,15,Valdivia,Los Ríos,2018-12-11 3:00
DMC-390029,Panguipulli,-39.63444,-72.34389,229,Panguipulli,Los Ríos,2018-12-11 3:00
DMC-400033,Bahía Mansa,-40.58667,-73.73528,102,San Juan de la Costa,Los Lagos,2018-12-11 3:00
DMC-410026,Liceo Agrícola de Ancud,-41.86611,-73.81639,31,Ancud,Los Lagos,2017-01-01 0:00
DMC-410027,Escuela Mirasol,-41.47944,-72.96889,100,Puerto Montt,Los Lagos,2018-12-11 3:00
DMC-420015,Nueva Chaitén,-42.785,-72.83472,10,Chaitén,Los Lagos,2018-12-11 3:00
DMC-440004,Puyuhuapi,-44.32333,-72.55528,11,Cisnes,Aisén,2018-12-11 3:00
DMC-450001,Aeródromo Puerto Aysén,-45.39944,-72.67722,11,Aisén,Aisén,2018-12-11 3:00
DMC-450004,Aeródromo Teniente Vidal,-45.59389,-72.10861,310,Coyhaique,Aisén,2018-12-11 3:00
DMC-480002,Subcomisaría de Villa O'Higgins,-48.47139,-72.56028,280,O’Higgins,Aisén,2018-12-11 3:00
DMC-510005,Aeródromo Teniente Gallardo,-51.66722,-72.52889,69,Natales,Magallanes,2018-12-11 3:00
DMC-520012,Instituto de la Patagonia,-53.13,-70.8875,11,Punta Arenas,Magallanes,2018-12-11 3:00
DMC-520014,Unidad Aeropolicial,-53.15278,-70.92639,53,Punta Arenas,Magallanes,2018-12-11 3:00
DMC-520015,Villa Tehuelche,-52.42889,-71.41611,176,Laguna Blanca,Magallanes,2018-12-11 3:00
DMC-530005,Aeródromo Fuentes Martínez,-53.25361,-70.32611,25,Porvenir,Magallanes,2018-12-11 3:00
DMC-530008,Escuela Alberto Hurtado,-53.16694,-70.94528,60,Punta Arenas,Magallanes,2018-12-11 3:00
DMC-550001,Aeropuerto Guardiamarina Zañartu,-54.93167,-67.61556,15,Cabo de Hornos,Magallanes,2018-12-11 3:00
DMC-950001,Base Eduardo Frei Montalva,-62.19306,-58.9825,45,Antártica,Magallanes,2018-12-11 3:00
DMC-200006,Aeropuerto Diego Aracena,-20.53972,-70.17861,52,Iquique,Tarapacá,2018-12-11 1:00
DMC-290004,Aeródromo La Florida,-29.9175,-71.20111,142,La Serena,Coquimbo,2018-12-11 1:00
DMC-300024,Escuela Agrícola,-30.58,-71.18667,314,Ovalle,Coquimbo,2018-12-11 1:00
DMC-300046,Parque Los Pimientos,-30.03361,-70.69722,642,Vicuña,Coquimbo,2018-12-11 1:00
DMC-300047,Monte Patria - Centro Cultural,-30.69833,-70.95778,406,Monte Patria,Coquimbo,2018-12-11 1:00
DMC-320045,Las Peñas,-32.88139,-70.91306,436,Llaillay,Valparaíso,2018-12-11 1:00
DMC-320049,Liceo Agrícola Chincolco,-32.2225,-70.83167,665,Petorca,Valparaíso,2018-12-11 1:00
DMC-320056,Quintero - Climatológica,-32.78417,-71.52278,5,Quintero,Valparaíso,2018-12-11 1:00
DMC-330075,Río Clarillo,-33.72833,-70.49667,876,Pirque,Metropolitana,2018-12-11 1:00
DMC-330077,El Colorado,-33.35,-70.29361,2750,Lo Barnechea,Metropolitana,2018-12-11 1:00
DMC-330160,El Milagro,-33.75444,-70.76444,460,Buin,Metropolitana,2018-12-11 1:00
DMC-340115,Aeródromo Pichilemu,-34.39417,-72.01861,25,Pichilemu,O'Higgins,2018-12-11 3:00
DMC-360019,Carriel Sur,-36.77833,-73.0625,17,Concepción,Biobío,2018-12-11 3:00
DMC-390043,Corral - ESSAL,-39.88806,-73.43333,13,Corral,Los Ríos,2018-12-11 3:00
DMC-410005,Aeropuerto El Tepual ,-41.435,-73.09778,85,Puerto Montt,Los Lagos,2018-12-11 3:00
DMC-410040,Puerto Varas - ESSAL,-41.32444,-72.97667,70,Puerto Varas,Los Lagos,2018-12-11 3:00
DMC-540008,Pampa Guanaco,-54.05083,-68.80389,150,Timaukel,Magallanes,2018-12-11 3:00
DMC-270001,Aeropuerto Mataveri,-27.16056,-109.42722,48,Isla de Pascua,Valparaíso,2018-12-11 1:00
DMC-180042,Cerro Sombrero AR,-18.5125,-70.26556,122,Arica,Arica y Parinacota,2018-12-11 2:00
DMC-330071,Talagante,-33.67028,-70.84944,390,Talagante,Metropolitana,2018-12-11 1:00
DMC-180017,Putre DMC,-18.2,-69.5625,3532,Putre,Arica y Parinacota,2018-12-11 2:00
DMC-180018,Defensa Civil,-18.49111,-70.30139,71,Arica,Arica y Parinacota,2018-12-11 2:00
DMC-200010,Universidad Arturo Prat,-20.27083,-70.13083,30,Iquique,Tarapacá,2018-12-11 1:00
DMC-210901,Ollagüe DMC,-21.22417,-68.25583,3708,Ollagüe,Antofagasta,2018-12-11 1:00
DMC-220002,Aeródromo El Loa,-22.49528,-68.90444,2293,Calama,Antofagasta,2018-12-11 1:00
DMC-230002,Universidad Católica del Norte,-23.68083,-70.41111,31,Antofagasta,Antofagasta,2018-12-11 1:00
DMC-230004,Toconao,-23.18611,-68.00556,2495,San Pedro de Atacama,Antofagasta,2018-12-11 1:00
DMC-250005,Taltal,-25.41111,-70.48417,37,Taltal,Antofagasta,2018-12-11 1:00
DMC-270009,Universidad de Atacama,-27.35889,-70.35333,362,Copiapó,Atacama,2018-12-11 1:00
DMC-280010,Freirina Nicolasa,-28.51694,-71.01,156,Freirina,Atacama,2018-12-11 1:00
DMC-300034,El Tololo,-30.16833,-70.80361,2154,Vicuña,Coquimbo,2018-12-11 1:00
DMC-320051,Los Libertadores,-32.84556,-70.11917,2955,Los Andes,Valparaíso,2018-12-11 1:00
DMC-320063,Catapilco,-32.56139,-71.29778,81,Zapallar,Valparaíso,2018-12-11 1:00
DMC-330006,Jardín Botánico,-33.045,-71.50194,50,Viña del Mar,Valparaíso,2018-12-11 1:00
DMC-330007,Aeródromo Rodelillo,-33.03667,-71.53417,330,Viña del Mar,Valparaíso,2018-12-11 1:00
DMC-330019,Aeródromo Eulogio Sánchez,-33.45528,-70.54861,650,La Reina,Metropolitana,2018-12-11 1:00
DMC-330020,Quinta Normal,-33.445,-70.68278,534,Quinta Normal,Metropolitana,2018-12-11 1:00
DMC-330021,Pudahuel ,-33.39194,-70.79444,482,Pudahuel,Metropolitana,2018-12-11 1:00
DMC-330030,Aeródromo Santo Domingo,-33.655,-71.61417,75,Santo Domingo,Valparaíso,2018-12-11 1:00
DMC-330031,Juan Fernández,-33.63583,-78.83306,40,Juan Fernández,Valparaíso,2018-12-11 1:00
DMC-330076,Chorombo Hacienda,-33.52944,-71.22917,145,María Pinto,Metropolitana,2018-12-11 1:00
MMA-330111,Cerro San Francisco,-33.45806,-70.94861,1068,Lo Prado,Metropolitana,2018-12-11 1:00
MMA-330112,Guayacán,-33.61528,-70.35056,928,San José de Maipo,Metropolitana,2018-12-11 1:00
MMA-330113,El Paico,-33.70639,-71.00806,275,Talagante,Metropolitana,2018-12-11 1:00
MMA-330114,San Pablo-DASA,-33.44222,-70.74667,490,Pudahuel,Metropolitana,2018-12-11 1:00
MMA-330118,Lo Pinto,-33.26806,-70.73222,512,Colina,Metropolitana,2018-12-11 1:00
DMC-330121,Aeródromo Curacaví,-33.41111,-71.16778,208,Curacaví,Metropolitana,2018-12-11 1:00
DMC-340031,Aeródromo General Freire,-34.96639,-71.21667,230,Curicó,Maule,2018-12-11 3:00
DMC-340045,Aeródromo La Independencia,-34.17222,-70.77611,482,Rancagua,O'Higgins,2018-12-11 3:00
DMC-340048,Quimávida,-34.215,-70.99694,316,Coltauco,O'Higgins,2018-12-11 3:00
DMC-340066,Nilahue - La Quebrada,-34.66083,-71.73528,81,Pumanque,O'Higgins,2018-12-11 3:00
DMC-350028,Panguilemo,-35.37778,-71.60111,119,Talca,Maule,2018-12-11 3:00
DMC-360011,Aeródromo Gral. Bernardo O'Higgins,-36.58722,-72.04,151,Chillán,Ñuble,2018-12-11 3:00
DMC-360042,Termas de Chillán,-36.90361,-71.41,1708,Pinto,Ñuble,2018-12-11 3:00
MMA-360046,Chillán Mayulermo,-36.82806,-71.86694,396,San Ignacio,Ñuble,2018-12-11 3:00
MMA-360047,Copihue,-36.07556,-71.75806,162,Retiro,Maule,2018-12-11 3:00
DMC-370036,Liceo Agrícola El Huertón,-37.45694,-72.275,173,Los Ángeles,Biobío,2018-12-11 3:00
DMC-380013,Aeródromo Maquehue,-38.76778,-72.63194,86,Padre las Casas,La Araucanía,2018-12-11 3:00
DMC-380018,Lonquimay,-38.455,-71.36194,912,Lonquimay,La Araucanía,2018-12-11 3:00
DMC-380029,Aeropuerto Araucanía,-38.93444,-72.65333,96,Freire,La Araucanía,2018-12-11 2:00
MMA-380032,Rucamanque - UFRO,-38.66083,-72.60556,344,Temuco,La Araucanía,2018-12-11 2:00
DMC-330161,Lo Zarate,-33.53056,-71.50611,103,Cartagena,Valparaíso,2018-12-11 2:00
DMC-310023,Liceo Padre José Herde,-31.39,-71.41278,343,Canela,Coquimbo,2019-03-12 2:00
DMC-310024,Liceo Samuel Román Rojas,-31.18806,-70.99889,936,Combarbalá,Coquimbo,2019-03-12 2:00
DMC-310040,Vivero CONAF,-31.6325,-71.15194,333,Illapel,Coquimbo,2019-03-12 2:00
MMA-320041,Aeródromo Torquemada,-32.94944,-71.47611,141,Concón,Valparaíso,2019-03-12 2:00
DMC-520030,Cerro Sombrero MA,-52.77639,-69.29472,64,Primavera,Magallanes,2019-03-12 2:00
DMC-230022,Mejillones,-23.10917,-70.44333,31,Mejillones,Antofagasta,2019-04-03 0:00
DMC-330162,Regimiento de Colina,-33.16222,-70.64306,726,Colina,Metropolitana,2019-04-03 0:00
DMC-370067,Húsares,-37.74583,-72.69167,69,Angol,La Araucanía,2019-04-03 0:00
DMC-380063,Regimiento Victoria,-38.22889,-72.34333,336,Victoria,La Araucanía,2019-04-03 0:00
DMC-320019,Escuela Agrícola,-32.75528,-70.70694,662,San Felipe,Valparaíso,2019-08-01 0:00
DMC-430001,Aeródromo de Quellón,-43.13417,-73.63194,13,Quellón,Los Lagos,2019-08-01 0:00
CEAZA-TIL,Tilama,-32.08163,-71.16277,499,Los Vilos,Coquimbo,2019-01-01 0:00
DGA-RPN_DGA,Rapa Nui,-27.11944,-109.35472,0,Isla de Pascua,Valparaíso,2019-03-01 0:00
MMA-450022,Mirador Marchant,-45.52528,-72.09806,438,Coyhaique,Aisén,2019-10-28 22:00
DMC-430009,Aeródromo Melinka,-43.89667,-73.74028,11,Guaitecas,Aisén,2019-11-06 22:00
DMC-430002,Aeródromo de Futaleufú,-43.18889,-71.85222,347,Futaleufú,Los Lagos,2020-04-28 11:00
DMC-400009,Aeropuerto de Cañal Bajo,-40.61444,-73.0575,61,Osorno,Los Lagos,2020-04-28 11:00
DMC-240005,Cerro Paranal,-24.6275,-70.40472,2648,Antofagasta,Antofagasta,2020-04-28 11:00
DMC-230021,Llano de Chajnantor,-23.00583,-67.75917,5000,San Pedro de Atacama,Antofagasta,2020-04-28 11:00
DMC-450005,Aeródromo Balmaceda,-45.91833,-71.67778,517,Coyhaique,Aisén,2021-11-16 10:00
DMC-520006,Aeropuerto Carlos Ibañez,-53.00167,-70.83861,36,Punta Arenas,Magallanes,2020-01-01 0:00
DMC-180005,Aeropuerto Chacalluta,-18.35555,-70.34028,50,Arica,Arica y Parinacota,2021-01-01 0:00
DMC-270008,Aeródromo Caldera,-27.25444,-70.78111,197,Caldera,Atacama,2021-01-01 0:00
DMC-370033,Aeródromo María Dolores,-37.39694,-72.42389,118,Los Ángeles,Biobío,2023-01-05 0:00
DMC-290013,Cerro La Silla,-29.25833,-70.73444,2377,La Higuera,Coquimbo,2019-01-01 0:00
DMC-380080,Aeródromo Lequecahue,-38.35944,-73.48833,153,Tirúa,Biobío,2021-09-11 8:00
DMC-510020,Río Serrano,-51.21667,-72.97028,22,Torres del Paine,Magallanes,2022-01-14 16:00
AGRICHILE-21006983,Camarico,-35.256908,-71.340973,223,Río Claro,Maule,2022-01-01 0:00
AGRICHILE-21033193,San Sebastián,-35.264213,-71.548013,144,Río Claro,Maule,2022-01-01 0:00
AGRICHILE-21033188,Parral,-36.197588,-71.814217,180,Parral,Maule,2022-01-01 0:00
AGRICHILE-21033186,San Gregorio,-36.283505,-71.840564,180,Ñiquén,Ñuble,2022-01-01 0:00
AGRICHILE-21033194,Caracas,-39.011256,-72.321039,208,Cunco,La Araucanía,2022-01-01 0:00
AGRICHILE-21198235,Los Niches,-35.05202,-71.148239,273,Curicó,Maule,2022-01-12 13:45
APECO-270008,Casa Rosada,-27.84914,-70.0875,1292,Tierra Amarilla,Atacama,2022-06-01 0:00
APECO-270019,Mayorquina,-27.337763,-70.567184,233,Copiapó,Atacama,2022-06-01 0:00
APECO-270026,Copayapu,-27.456638,-70.26414,502,Tierra Amarilla,Atacama,2022-06-01 0:00
APECO-270029,Las Canteras,-27.742834,-70.18213,872,Tierra Amarilla,Atacama,2022-06-01 0:00
APECO-270030,Amalfi,-27.411203,-70.30263,421,Copiapó,Atacama,2022-06-01 0:00
APECO-270035,María Isabel,-27.335098,-70.78038,146,Tierra Amarilla,Atacama,2022-06-01 0:00
APECO-270070,Nantoco,-27.55176,-70.26957,649,Tierra Amarilla,Atacama,2022-06-01 0:00
APECO-270098,Altar de la Virgen,-27.99994,-69.98,1385,Tierra Amarilla,Atacama,2022-06-01 0:00
DMC-320055,Catemu,-32.75889,-70.94278,443,Catemu,Valparaíso,2022-07-03 3:00
MMA-330193,La Dormida,-33.04944,-71.00139,1450,Tiltil,Metropolitana,2022-09-15 11:00
MMA-350901,Escuela de Artillería,-35.83694,-71.59278,160,Linares,Maule,2022-01-01 0:00
DMC-380082,Aeródromo Isla Mocha,-38.38389,-73.86917,16,Lebu,Biobío,2022-11-01 0:00
MMA-400058,Liceo Agrotec,-40.31,-73.00389,60,La Unión,Los Ríos,2023-01-01 0:00
FDF-350100,Villa Alegre,-35.69611,-71.68222,127,Villa Alegre,Maule,2011-01-01 0:00
DMC-330081,Polpaico,-33.12389,-70.82805,547,Tiltil,Metropolitana,2022-07-03 0:00
DMC-390056,Aeródromo Pucón,-39.29111,-71.91694,264,Pucón,La Araucanía,2022-09-29 0:00
DMC-330163,Aeródromo Peldehue,-33.11389,-70.68583,683,Colina,Metropolitana,2020-01-01 0:00
ARAUCO-ICONST70,Santa Estela,-35.486856,-72.232686,239,Constitución,Maule,2023-05-01 0:00
ARAUCO-ITALCA18,Talca,-35.414716,-71.611857,115,Talca,Maule,2023-04-01 0:00
ARAUCO-IHUALA1,Hualañé,-34.983367,-71.781691,68,Hualañé,Maule,2023-05-01 0:00
ARAUCO-ILAUNI48,La Unión,-40.260285,-73.04889,76,La Unión,Los Ríos,2023-06-01 0:00
ARAUCO-ILOSLA10,Pancul,-39.848681,-72.819804,34,Los Lagos,Los Ríos,2023-06-01 0:00
ARAUCO-ICUREP4,Palhuen,-35.200259,-71.993045,255,Curepto,Maule,2023-06-01 0:00
ARAUCO-IVALDI66,Parque Oncol,-39.702653,-73.326053,255,Valdivia,Los Ríos,2023-06-02 0:00
ARAUCO-ITOM2,Conuco,-36.632154,-72.782132,208,Tomé,Biobío,2023-06-15 0:00
ARAUCO-IQUIRI17,Zorzal Blanco,-36.220606,-72.548486,266,Quirihue,Ñuble,2023-06-13 0:00
ARAUCO-ICURAN4,La Colcha,-37.424383,-73.352436,158,Curanilahue,Biobío,2023-06-18 0:00
ARAUCO-IEMPED2,Cuyuname,-35.68494,-72.159667,263,Empedrado,Maule,2023-06-15 0:00
ARAUCO-IPELAR1,El Auquil,-35.391303,-71.29552,262,Pelarco,Maule,2023-07-01 0:00
ARAUCO-ICONST77,Vivero Quivolgo,-35.306042,-72.384781,13,Constitución,Maule,2023-07-14 0:00
ARAUCO-ICOELE2,Totoral,-36.525887,-72.638553,47,Coelemu,Ñuble,2023-07-08 0:00
ARAUCO-IMARIQ6,Llongo,-39.551265,-72.90805,38,Mariquina,Los Ríos,2023-07-19 0:00
ARAUCO-IFLORI178,Cangrejillo,-36.877961,-72.803711,175,Florida,Biobío,2023-07-19 0:00
ARAUCO-IFLORI179,Coyanco,-36.74882,-72.588716,90,Quillón,Ñuble,2023-07-21 0:00
ARAUCO-ISANTA1285,Santa Juana,-37.175533,-72.963727,54,Santa Juana,Biobío,2023-07-21 0:00
ARAUCO-IYUNGA11,Siberia,-37.174782,-72.064874,241,Yungay,Ñuble,2023-07-20 0:00
EAM-350071,Escuela Agrícola de Molina,-35.098057,-71.275,243,Molina,Maule,2023-07-04 14:00
ARAUCO-ICOIHU2,El Kayser,-36.730083,-71.750486,482,Coihueco,Ñuble,2023-08-01 0:00
ARAUCO-ICONST78,Carrizal,-35.237651,-72.262868,167,Constitución,Maule,2023-08-04 0:00
ARAUCO-ICUREP5,Curepto,-35.100907,-72.007541,74,Curepto,Maule,2023-09-15 0:00
ARAUCO-ICOLLI103,Santa Amelia,-37.978802,-72.417784,273,Collipulli,La Araucanía,2023-08-25 0:00
ARAUCO-ISANTA1326,Tanahullin,-37.224953,-72.816584,222,Santa Juana,Biobío,2023-09-08 0:00
DMC-260010,Aeródromo Ricardo García Posada,-26.31305,-69.75139,1610,Diego de Almagro,Atacama,2023-08-05 0:00
DMC-360097,Liceo San Nicolás,-36.50556,-72.21944,118,San Nicolás,Ñuble,2023-09-01 0:00
DMC-310044,Pisco Capel,-31.78722,-70.95944,516,Salamanca,Coquimbo,2023-08-20 0:00
DMC-400060,Fundo el Maitén,-40.08361,-72.65889,194,Paillaco,Los Ríos,2023-08-21 0:00
FDF-400043,,,,,,,2019-08-26 0:00
FDF-340005,Alhué,-34.065,-71.25388889,127,Alhué,Metropolitana,2011-01-01 0:00
FDF-380059,Allipén,-38.9997222,-72.5210833,135,Freire,La Araucanía,2017-05-31 0:00
FDF-270098,Altar de la Virgen,-27.99994,-69.98,1385,Tierra Amarilla,Atacama,2022-04-20 0:00
FDF-280010,Alto del Carmen,-28.76816667,-70.44922222,822,Alto del Carmen,Atacama,2011-01-01 0:00
FDF-270030,Amalfi,-27.411203,-70.302629,421,Copiapó,Atacama,2022-04-19 0:00
FDF-370072,Antuco,-37.434978,-72.107747,267,Antuco,Bío Bío,2022-04-14 0:00
FDF-450050,Aysén,-45.43194444,-72.71444444,1055,Aisén,Aisén,2011-01-01 0:00
FDF-180010,Azapa1,-18.50963889,-70.24805555,133,Arica,Arica y Parinacota,2011-01-01 0:00
FDF-180020,Azapa2,-18.52044444,-70.23266667,202,Arica,Arica y Parinacota,2011-01-01 0:00
FDF-270083,Bodega,-27.34361111,-70.37277778,371,Copiapó,Atacama,2011-01-01 0:00
FDF-330050,Buin,-33.70736111,-70.70155556,527,Buin,Metropolitana,2011-01-01 0:00
FDF-360060,Bulnes,-36.73555556,-72.36694444,73,Bulnes,Ñuble,2011-01-01 0:00
FDF-320020,Cabildo,-32.36219444,-70.81972222,550,Cabildo,Valparaíso,2011-01-01 0:00
FDF-330060,Calera de Tango,-33.63055556,-70.79916667,470,Calera de Tango,Metropolitana,2011-01-01 0:00
FDF-320060,Calle Larga,-32.87055556,-70.64611111,776,Calle Larga,Valparaíso,2011-01-01 0:00
FDF-350026,Campanacura,-35.9738889,-72.0276389,132,Parral,Maule,2017-05-10 0:00
FDF-270008,Casa Rosada,-27.84914,-70.0875,1292,Tierra Amarilla,Atacama,2022-04-20 0:00
FDF-330005,Casablanca,-33.32083333,-71.43722222,312,Casablanca,Valparaíso,2011-01-01 0:00
FDF-320037,Catapilco,-32.56033283,-71.311806,611,Zapallar,Valparaíso,2015-11-26 0:00
FDF-320095,Catemu,-32.75777778,-70.94277778,445,Catemu,Valparaíso,2011-01-01 0:00
FDF-340080,Chépica,-34.73861111,-71.25805556,205,Chépica,O'Higgins,2011-01-01 0:00
FDF-340021,Chimbarongo,-34.67083333,-71.03166667,325,Chimbarongo,O'Higgins,2011-01-01 0:00
FDF-330070,Chocalan,-33.72555556,-71.20972222,156,Melipilla,Metropolitana,2011-01-01 0:00
FDF-360120,Cobquecura,-36.1245278,-72.7953889,65,Cobquecura,Ñuble,2017-05-09 0:00
FDF-340024,Codegua,-34.11027778,-70.65361111,547,Codegua,O'Higgins,2011-01-01 0:00
FDF-340020,Codegua Norte Ex Rancagua,-34.10888889,-70.63958333,527,Codegua,O'Higgins,2011-01-01 0:00
FDF-360030,Coihueco,-36.55722222,-71.81722222,339,Coihueco,Ñuble,2011-01-01 0:00
FDF-350080,Colbún,-35.66222222,-71.45361111,249,Colbún,Maule,2011-01-01 0:00
FDF-3931,COLINA ,-33.21877778,-70.71583333,553,Colina,Metropolitana,2011-01-01 0:00
FDF-370090,Collipulli,-38.00111111,-72.24555556,334,Collipulli,La Araucanía,2011-01-01 0:00
FDF-340050,Coltauco,-34.23777778,-71.005,479,Coltauco,O'Higgins,2011-01-01 0:00
FDF-310005,Combarbalá,-31.18833333,-70.99888889,933,Combarbalá,Coquimbo,2011-01-01 0:00
FDF-270026,Copayapu,-27.456639,-70.264139,502,Tierra Amarilla,Atacama,2022-04-19 0:00
FDF-270005,Copiapo,-27.34583333,-70.40777778,346,Copiapó,Atacama,2011-01-01 0:00
FDF-450035,Coyhaique,-45.73972222,-72.12583333,5,Coyhaique,Aisén,2011-01-01 0:00
FDF-380090,Cunco,-39.00666667,-72.25138889,230,Cunco,La Araucanía,2011-01-01 0:00
FDF-330090,Curacaví,-33.43861111,-71.02555556,195,Curacaví,Metropolitana,2011-01-01 0:00
FDF-340155,Curicó,-34.940973,-71.222752,225,Curicó,Maule,2020-05-05 0:00
FDF-320050,Curimón,-32.799972,-70.700306,700,San Felipe,Valparaíso,2011-01-01 0:00
FDF-340070,El Carmen,-34.60805556,-70.975,363,San Fernando,O'Higgins,2011-01-01 0:00
FDF-320021,El Guindo,-32.35716683,-71.345472,13,La Ligua,Valparaíso,2017-06-01 0:00
FDF-330130,El Monte,-33.69194444,-71.10083333,215,El Monte,Metropolitana,2011-01-01 0:00
FDF-300002,El Palqui,-30.74638889,-70.93694444,460,Monte Patria,Coquimbo,2011-01-01 0:00
FDF-280046,El Parral,-28.981546,-70.195909,1375,Alto del Carmen,Atacama,2022-04-21 0:00
FDF-290022,El Trapiche,-29.3718611,-71.11608333,486,La Higuera,Coquimbo,2017-08-23 0:00
FDF-380080,Freire,-38.97138889,-72.78416667,77,Freire,La Araucanía,2011-01-01 0:00
FDF-280023,Freirina,-28.5066389,-71.10372222,206,Freirina,Atacama,2017-08-01 0:00
FDF-380021,Galvarino ,-38.35916667,-72.70972222,232,Traiguén,La Araucanía,2011-01-01 0:00
FDF-390010,Gorbea,-39.10305556,-72.61527778,152,Gorbea,La Araucanía,2011-01-01 0:00
FDF-340014,Graneros Norte,-34.06194444,-70.705,492,Graneros,O'Higgins,2011-01-01 0:00
FDF-320115,Hijuelas,-32.84794444,-71.06708333,327,Hijuelas,Valparaíso,2011-01-01 0:00
FDF-270031,Hornitos,-27.72888889,-70.19666667,771,Tierra Amarilla,Atacama,2011-01-01 0:00
FDF-330030,HUECHÚN EX Lampa,-33.07722222,-70.75277778,610,Tiltil,Metropolitana,2011-01-01 0:00
FDF-3539,HUELQUEN,-33.86208333,-70.63919444,417,Paine,Metropolitana,2011-01-01 0:00
FDF-280056,Iglesia Colorada,-28.1489444,-69.89183333,1687,Tierra Amarilla,Atacama,2017-08-25 0:00
FDF-310015,Illapel,-31.73105556,-71.20555556,274,Illapel,Coquimbo,2011-01-01 0:00
FDF-280070,Imperial Alto,-28.613677,-70.709382,251,Vallenar,Atacama,2022-04-20 0:00
FDF-330120,Isla de Maipo,-33.76388889,-70.88666667,338,Isla de Maipo,Metropolitana,2011-01-01 0:00
FDF-270020,Jotabeche,-27.58861111,-70.24472222,600,Tierra Amarilla,Atacama,2011-01-01 0:00
FDF-320105,La Cruz,-32.8,-71.2,153,La Cruz,Valparaíso,2011-01-01 0:00
FDF-340120,La Estrella Norte,-34.21333333,-71.71611111,295,La Estrella,O'Higgins,2011-01-01 0:00
FDF-340110,La Estrella Sur Ex Pumanque,-34.21333333,-71.71611111,157,La Estrella,O'Higgins,2011-01-01 0:00
FDF-320071,La Higuera,-32.49269683,-71.15288083,135,La Ligua,Valparaíso,2011-01-01 0:00
FDF-400030,La Union,-40.31666667,-73.02416667,26,La Unión,Los Ríos,2011-01-01 0:00
FDF-400100,La Union Norte,-40.288667,-73.071333,29,La Unión,Los Ríos,2011-01-01 0:00
FDF-270029,Las Canteras,-27.742834,-70.182129,872,Tierra Amarilla,Atacama,2022-04-20 0:00
FDF-350029,Las Lomillas - San Clemente,-35.5416389,-71.3182219,323,San Clemente,Maule,2017-05-16 0:00
FDF-320028,Las Puertas,-32.362194,-70.81972183,360,Cabildo,Valparaíso,2017-06-01 0:00
FDF-370056,Las Viñas ,-37.50138889,-72.30055556,159,Los Ángeles,Bío Bío,2011-01-01 0:00
FDF-320120,Limache,-32.99444444,-71.26066667,88,Limache,Valparaíso,2011-01-01 0:00
FDF-350097,Linares 2,-35.932194,-71.566833,190,Longaví,Maule,2011-01-01 0:00
FDF-320090,Llayllay,-32.90333333,-70.95055556,441,Llaillay,Valparaíso,2011-01-01 0:00
FDF-1002,LO HERRERA,-33.66288889,-70.76591667,499,San Bernardo,Metropolitana,2011-01-01 0:00
FDF-340100,Lolol,-34.71361111,-71.62972222,104,Lolol,O'Higgins,2011-01-01 0:00
FDF-390036,Loncoche,-39.39333333,-72.63666667,108,Pucón,La Araucanía,2011-01-01 0:00
FDF-350090,Longaví Norte,-36.05361111,-71.68333333,175,Longaví,Maule,2011-01-01 0:00
FDF-360065,Longaví Sur,-35.95305556,-71.60805556,167,Longaví,Maule,2011-01-01 0:00
FDF-350020,Lontue,-35.04972222,-71.24805556,231,Molina,Maule,2011-01-01 0:00
FDF-370027,Los Angeles,-37.44722222,-72.51722222,96,Los Ángeles,Bío Bío,2011-01-01 0:00
FDF-360110,Los Coligues Ex - Chillan Viejo,-36.62916667,-72.23333333,82,San Fabián,Ñuble,2011-01-01 0:00
FDF-320140,Los Espinos,-32.8901667,-70.3821388,158,Los Andes,Valparaíso,2017-05-20 0:00
FDF-340015,Los Maquis,-34.49972222,-70.83972222,475,Malloa,O'Higgins,2011-01-01 0:00
FDF-380030,Los Quilantos,-38.9083333,-72.7982222,65,Freire,La Araucanía,2017-05-31 0:00
FDF-310037,Los Vilos - Quebrachar,-31.8603889,-71.4395833,182,Los Vilos,Coquimbo,2017-06-01 0:00
FDF-390056,MAFIL,-39.63138889,-72.94833333,31,Máfil,Los Ríos,2013-07-03 0:00
FDF-330080,Mallarauco,-33.58666667,-70.99611111,267,Melipilla,Metropolitana,2011-01-01 0:00
FDF-320019,Manuel Montt,-32.322861,-71.06105583,313,Petorca,Valparaíso,2011-01-01 0:00
FDF-340130,Marchigue,-34.40555556,-71.60722222,140,Marchihue,O'Higgins,2011-01-01 0:00
FDF-270035,Maria Isabel,-27.335098,-70.780382,146,Tierra Amarilla,Atacama,2022-04-21 0:00
FDF-390050,Mariquina,-39.62083333,-73.07333333,216,Mariquina,Los Ríos,2011-01-01 0:00
FDF-350030,Maule,-35.57666667,-71.67888889,116,San Javier,Maule,2011-01-01 0:00
FDF-270019,Mayorquina,-27.337762,-70.567188,233,Copiapó,Atacama,2022-04-21 0:00
FDF-330059,Melipilla,-33.65,-71.1,243,El Monte,Metropolitana,2011-01-01 0:00
FDF-350060,Miraflores,-35.918056,-71.613306,173,Linares,Maule,2011-01-01 0:00
FDF-300050,Monte Patria,-30.68222222,-70.93944444,529,Monte Patria,Coquimbo,2011-01-01 0:00
FDF-340140,Morza,-34.85166667,-71.02027778,321,Teno,Maule,2011-01-01 0:00
FDF-360052,Morza Norte Ex Peteroa ,-34.835,-71.02416667,122,Teno,Maule,2011-01-01 0:00
FDF-340011,Mostazal,-34.00166667,-70.70166667,448,Mostazal,O'Higgins,2011-01-01 0:00
FDF-370070,Mulchén,-37.70361111,-72.21694444,221,Mulchén,Bío Bío,2011-01-01 0:00
FDF-340039,Nancagua 2,-34.66083333,-71.28361111,186,Nancagua,O'Higgins,2011-01-01 0:00
FDF-270070,Nantoco,-27.55176,-70.26957,649,Tierra Amarilla,Atacama,2022-04-19 0:00
FDF-370045,Negrete,-37.59527778,-72.46666667,103,Mulchén,Bío Bío,2011-01-01 0:00
FDF-360015,Ñiquén,-36.29361111,-71.89361111,167,San Ignacio,Ñuble,2011-01-01 0:00
FDF-320110,Nogales,-32.73638889,-71.19916667,227,Nogales,Valparaíso,2011-01-01 0:00
FDF-380041,Nueva Imperial ,-38.76138889,-72.8775,85,Nueva Imperial,La Araucanía,2011-01-01 0:00
FDF-340010,Olivar Alto,-34.20305556,-70.82416667,457,Olivar,O'Higgins,2011-01-01 0:00
FDF-320125,Olmué,-33.02194444,-71.18638889,158,Olmué,Valparaíso,2011-01-01 0:00
FDF-400060,Osorno,-40.53333333,-73.0725,78,Osorno,Los Lagos,2011-01-01 0:00
FDF-300030,Paihuano,-30.04694444,-70.51083333,1204,Paiguano,Coquimbo,2011-01-01 0:00
FDF-320045,Paihuén,-32.37927783,-70.841622,505,Cabildo,Valparaíso,2011-01-01 0:00
FDF-400020,Paillaco,-40.09638889,-72.92666667,319,Paillaco,Los Ríos,2011-01-01 0:00
FDF-340030,Palmilla,-34.54666667,-71.395,151,Palmilla,O'Higgins,2011-01-01 0:00
FDF-320015,Palquico,-32.25702783,-71.14163883,474,Petorca,Valparaíso,2011-01-01 0:00
FDF-320085,Panquehue,-32.75663889,-70.80883333,548,Panquehue,Valparaíso,2011-01-01 0:00
FDF-360010,Parral,-36.21333333,-71.7375,212,Parral,Maule,2011-01-01 0:00
FDF-360019,Parral Norte ,-36.23027778,-71.73222222,209,Retiro,Maule,2011-01-01 0:00
FDF-330049,Peldehue,-33.1471111,-70.6602222,781,Colina,Metropolitana,2017-05-03 0:00
FDF-350050,Pencahue,-35.45583333,-71.77222222,69,Pencahue,Maule,2011-01-01 0:00
FDF-320025,Petorca,-32.39666667,-71.02944444,252,Cabildo,Valparaíso,2011-01-01 0:00
FDF-340060,Peumo Norte Ex Las Cabras ,-34.32694444,-71.25888889,156,Peumo,O'Higgins,2011-01-01 0:00
FDF-360040,Pinto,-36.71333333,-71.87555556,309,Pinto,Ñuble,2011-01-01 0:00
FDF-330040,Pirque,-33.67388889,-70.58694444,671,Pirque,Metropolitana,2011-01-01 0:00
FDF-340025,Placilla Chacarilla,-34.641583,-71.135667,234,Placilla,O'Higgins,2011-01-01 0:00
FDF-380033,Pocoyan ,-38.9925,-73.09888889,34,Teodoro Schmidt,La Araucanía,2011-01-01 0:00
FDF-320130,Puchuncavi,-32.7310833,-71.4241389,48,Puchuncaví,Valparaíso,2017-05-03 0:00
FDF-390017,Pucon,-39.35583333,-71.78138889,436,Loncoche,La Araucanía,2011-01-01 0:00
FDF-320018,Pullancón,-32.30708283,-71.23075,87,La Ligua,Valparaíso,2011-01-01 0:00
FDF-300060,Punitaqui,-30.78,-71.25611111,216,Punitaqui,Coquimbo,2011-01-01 0:00
FDF-360037,Punta Cortes,-34.16975,-70.79127778,479,Rancagua,O'Higgins,2011-01-01 0:00
FDF-400046,Purranque ,-40.87944444,-73.0525,116,Purranque,Los Lagos,2011-01-01 0:00
FDF-320075,Putaendo,-32.59369444,-70.72611111,881,Putaendo,Valparaíso,2011-01-01 0:00
FDF-360070,Quillón,-36.745,-72.50472222,65,Quillón,Ñuble,2011-01-01 0:00
FDF-320100,Quillota,-32.89238889,-71.20672222,139,Quillota,Valparaíso,2011-01-01 0:00
FDF-3840,QUINTA TILCOCO,-34.362,-70.93527778,297,Quinta de Tilcoco,O'Higgins,2011-01-01 0:00
FDF-340019,Rapel ,-34.21666667,-71.3,125,Las Cabras,O'Higgins,2011-01-01 0:00
FDF-340055,Rarin,-34.765667,-71.956667,181,Vichuquén,Maule,2011-01-01 0:00
FDF-340170,Rauco,-34.925,-71.28305556,210,Rauco,Maule,2011-01-01 0:00
FDF-300040,Recoleta,-30.49091667,-71.16577778,404,Ovalle,Coquimbo,2011-01-01 0:00
FDF-370043,Renaico,-37.72611111,-72.60472222,106,Renaico,La Araucanía,2011-01-01 0:00
FDF-340029,Requinoa,-34.321667,-70.833694,528,Requinoa,O'Higgins,2011-01-01 0:00
FDF-320065,Rinconada,-32.83705556,-70.69252778,717,Rinconada,Valparaíso,2011-01-01 0:00
FDF-400040,Río Bueno,-40.32277778,-72.97944444,43,La Unión,Los Ríos,2011-01-01 0:00
FDF-400070,Río Negro,-40.76472222,-73.15194444,89,Río Negro,Los Lagos,2011-01-01 0:00
FDF-350005,Sagrada Familia,-34.99694444,-71.37416667,158,Sagrada Familia,Maule,2011-01-01 0:00
FDF-310030,Salamanca,-31.78738889,-70.95961111,515,Salamanca,Coquimbo,2011-01-01 0:00
FDF-330015,San Diego,-33.70302778,-71.37186111,100,Melipilla,Metropolitana,2011-01-01 0:00
FDF-5249,SAN ESTEBAN,-32.75044444,-70.55758333,949,San Esteban,Valparaíso,2011-01-01 0:00
FDF-320070,San Felipe,-32.755333,-70.706917,672,San Felipe,Valparaíso,2011-01-01 0:00
FDF-5088,SAN FERNANDO,-34.57783333,-70.97552778,354,San Fernando,O'Higgins,2011-01-01 0:00
FDF-360050,San Ignacio,-36.84361111,-72.12472222,178,San Ignacio,Ñuble,2011-01-01 0:00
FDF-350110,San Javier,-35.62972222,-71.60388889,157,San Javier,Maule,2011-01-01 0:00
FDF-300045,San Julián,-30.65527778,-71.31888889,265,Ovalle,Coquimbo,2011-01-01 0:00
FDF-320026,San Lorenzo,-32.43941683,-71.00296083,248,Cabildo,Valparaíso,2011-01-01 0:00
FDF-360100,San Nicolás,-36.51777778,-72.09444444,120,San Nicolás,Ñuble,2011-01-01 0:00
FDF-330110,San Pedro,-33.89138889,-71.39416667,169,San Pedro,Metropolitana,2011-01-01 0:00
FDF-350040,San Rafael,-35.30361111,-71.47583333,150,San Rafael,Maule,2011-01-01 0:00
FDF-340040,San Vicente TT,-34.45777778,-71.05055556,213,San Vicente,O'Higgins,2011-01-01 0:00
FDF-340090,Santa Cruz,-34.69083333,-71.4,178,Santa Cruz,O'Higgins,2011-01-01 0:00
FDF-320080,Santa María,-32.74916667,-70.66027778,710,Santa Maria,Valparaíso,2011-01-01 0:00
FDF-8002,STA. BRISILA,-34.29808056,-71.3238,128,Las Cabras,O'Higgins,2011-01-01 0:00
FDF-1100,TALAGANTE,-33.67325,-70.92113889,339,Talagante,Metropolitana,2011-01-01 0:00
FDF-340150,Teno,-34.87888889,-71.16527778,286,Teno,Maule,2011-01-01 0:00
FDF-370073,Tierras Nobles,-37.44194444,-72.61777778,90,Los Ángeles,Bío Bío,2011-01-01 0:00
FDF-330035,Til til,-33.12133333,-70.83477778,546,Tiltil,Metropolitana,2011-01-01 0:00
FDF-380020,Traiguén,-38.35722222,-72.5475,244,Traiguén,La Araucanía,2011-01-01 0:00
FDF-270010,Tranque Lautaro,-27.97558333,-70,1135,Tierra Amarilla,Atacama,2011-01-01 0:00
FDF-360025,Trehualemu Ex - San Ignacio Sur,-36.92083333,-71.89333333,380,El Carmen,Ñuble,2011-01-01 0:00
FDF-5095,Tres Esquinas,-35.14472222,-71.21611111,170,Molina,Maule,2011-01-01 0:00
FDF-340160,Tutuquen,-34.961611,-71.315861,179,Curicó,Maule,2011-01-01 0:00
FDF-280005,Vallenar,-28.52630556,-70.94308333,230,Freirina,Atacama,2011-01-01 0:00
FDF-340017,Vichuquen,-34.8549722,-72.0260556,47,Vichuquén,Maule,2016-11-02 0:00
FDF-300020,Vicuña,-30.03833333,-70.69666667,634,Vicuña,Coquimbo,2011-01-01 0:00
FDF-390047,Vida Nueva,-39.1963889,-72.2613611,252,Villarrica,La Araucanía,2017-05-29 0:00
FDF-350100,Villa Alegre,-35.69611111,-71.68222222,127,San Javier,Maule,2011-01-01 0:00
FDF-350070,Yerbas Buenas,-35.74388889,-71.57305556,206,Yerbas Buenas,Maule,2011-01-01 0:00
FDF-3762,YERBAS BUENAS 2,-35.69047222,-71.55394444,308,Yerbas Buenas,Maule,2011-01-01 0:00
INIA-4,La Platina,-33.56987082,-70.62797303,630,La Pintana,Metropolitana,2011-11-19 0:00
INIA-6,Los Tilos,-33.70726005,-70.70165517,530,Buin,Metropolitana,2013-06-11 0:00
INIA-7,Santa Sofía,-35.97764359,-72.35986381,151,Cauquenes,Maule,2009-08-12 0:00
INIA-8,Carillanca,-38.688787,-72.4189357,200,Vilcún,La Araucanía,2009-09-01 0:00
INIA-10,Punta Parra,-36.67239402,-72.96468405,190,Tomé,Biobío,2009-08-10 0:00
INIA-11,Sauzal,-35.71487926,-72.11130833,162,Cauquenes,Maule,2009-09-01 0:00
INIA-12,Coronel de Maule,-36.05909279,-72.47768878,172,Cauquenes,Maule,2009-09-01 0:00
INIA-13,Chile Chico,-46.5432423,-71.69929765,213,Chile Chico,Aisén,2009-09-01 0:00
INIA-14,Los Despachos,-36.06211462,-72.37143919,167,Cauquenes,Maule,2010-04-02 0:00
INIA-15,Chiguayante,-36.91349,-73.035458,23,Chiguayante,Biobío,2013-06-01 0:00
INIA-16,Tamelaike,-45.759114,-72.061843,470,Coyhaique,Aisén,2010-05-01 0:00
INIA-17,Santa Rosa,-36.535195,-71.916434,194,Chillán,Ñuble,2010-04-01 0:00
INIA-18,Tranapuente,-38.690833,-73.353333,64,Carahue,La Araucanía,2009-09-01 0:00
INIA-19,Remehue,-40.522204,-73.063655,73,Osorno,Los Lagos,2009-10-01 0:00
INIA-20,Huyar Alto,-42.403919,-73.568192,155,Curaco de Vélez,Los Lagos,2009-10-01 0:00
INIA-21,Human,-37.43355687,-72.24397526,195,Los Ángeles,Biobío,2009-12-07 0:00
INIA-22,Chanco,-35.706583,-72.511194,60,Chanco,Maule,2010-05-01 1:15
INIA-23,Portezuelo,-36.53203766,-72.36826801,109,Portezuelo,Ñuble,2010-04-01 0:00
INIA-24,Nueva Aldea,-36.6489,-72.51349,82,Ránquil,Ñuble,2010-04-01 0:00
INIA-25,Butalcura,-42.261762,-73.650812,148,Dalcahue,Los Lagos,2009-10-01 0:00
INIA-26,Los Canelos,-41.481326,-73.474378,105,Los Muermos,Los Lagos,2009-10-01 0:00
INIA-28,Quiripio,-38.639722,-73.244167,322,Carahue,La Araucanía,2009-10-03 0:00
INIA-29,Dominguez,-38.903321,-73.225275,93,Saavedra,La Araucanía,2009-10-02 0:00
INIA-31,Llollinco,-38.976944,-72.997778,24,Teodoro Schmidt,La Araucanía,2009-10-05 0:00
INIA-32,Cochrane,-47.24173333,-72.58220278,246,Cochrane,Aisén,2009-11-04 0:00
INIA-33,La Providencia,-38.289444,-72.611389,254,Traiguén,La Araucanía,2009-11-10 0:00
INIA-34,Lluta Bajo,-18.409467,-70.233833,222,Arica,Arica y Parinacota,2010-01-01 0:00
INIA-35,Puerto Natales,-51.698367,-72.483082,80,Natales,Magallanes,2010-04-15 0:00
INIA-36,GTT Peleco,-37.7538486,-73.445092,125,Cañete,Biobío,2009-11-05 0:00
INIA-37,Kampenaike,-52.61204835,-70.9432231,6,Laguna Blanca,Magallanes,2012-08-11 0:00
INIA-38,Lluta Medio,-18.452168,-70.067102,532,Arica,Arica y Parinacota,2009-11-14 0:00
INIA-39,Azapa Medio,-18.547728,-70.124646,393,Arica,Arica y Parinacota,2009-11-14 0:00
INIA-40,Cuarta Faja,-39.115556,-72.605278,115,Gorbea,La Araucanía,2009-12-01 0:00
INIA-41,Santa Adela,-38.756111,-72.891389,50,Nueva Imperial,La Araucanía,2010-11-01 0:00
INIA-43,Socoroma,-18.263889,-69.607675,3077,Putre,Arica y Parinacota,2009-12-01 0:00
INIA-44,Vista Hermosa,-45.936818,-71.835342,740,Coyhaique,Aisén,2010-03-10 0:00
INIA-45,La Pampa,-40.860639,-73.156917,96,Purranque,Los Lagos,2010-01-12 0:00
INIA-46,Cauquenes,-35.95597397,-72.2899376,162,Cauquenes,Maule,2010-01-07 0:00
INIA-47,Ninhue,-36.398105,-72.395203,91,Chillán,Ñuble,2010-04-01 0:00
INIA-48,San Luis,-38.409987,-71.915218,549,Curacautín,La Araucanía,2010-04-01 0:00
INIA-49,Yungay,-37.141385,-72.011761,265,Yungay,Ñuble,2010-04-01 0:00
INIA-50,Quilanto,-41.026123,-73.007003,161,Frutillar,Los Lagos,2011-08-01 0:00
INIA-51,La Cruz,-32.822,-71.2304,181,La Cruz,Valparaíso,2010-06-01 0:53
INIA-52,El Tambo,-34.47099232,-70.98695144,250,San Vicente,O'Higgins,2010-06-01 0:00
INIA-55,Hidango,-34.112466,-71.797339,296,Litueche,O'Higgins,2010-06-01 0:15
INIA-56,Caspana,-22.334515,-68.213597,3245,Calama,Antofagasta,2012-12-01 0:00
INIA-57,Socaire,-23.590586,-67.890063,3357,San Pedro de Atacama,Antofagasta,2010-11-18 0:00
INIA-58,Toconao,-23.195058,-68.007675,2478,San Pedro de Atacama,Antofagasta,2010-09-04 0:00
INIA-59,San Pedro de Atacama,-22.9322,-68.213458,2416,San Pedro de Atacama,Antofagasta,2010-11-18 0:00
INIA-61,Calama Rural,-22.471688,-68.94979,2244,Calama,Antofagasta,2010-09-11 0:00
INIA-62,Ollagüe,-21.223937,-68.255607,3706,Ollagüe,Antofagasta,2010-12-17 0:00
INIA-63,Cerro Blanco,-18.57507,-70.069739,525,Arica,Arica y Parinacota,2014-11-01 0:00
INIA-64,Algarrobo Bajo,-30.6331,-71.45141,80,Ovalle,Coquimbo,2011-02-08 0:00
INIA-65,CE Huasco,-28.58113,-70.79829,470,Vallenar,Atacama,2011-02-01 0:00
INIA-66,El Palqui,-30.774544,-70.926831,504,Monte Patria,Coquimbo,2011-02-01 0:00
INIA-67,Tara,-42.703731,-73.788517,145,Chonchi,Los Lagos,2011-02-01 0:00
INIA-68,Polizones,-41.115147,-73.376628,137,Fresia,Los Lagos,2011-04-01 0:00
INIA-69,Colegual,-41.221843,-73.259856,177,Llanquihue,Los Lagos,2011-04-01 0:00
INIA-70,Octay,-40.957156,-72.885495,178,Puerto Octay,Los Lagos,2011-04-01 0:00
INIA-71,El Cardal,-40.386737,-72.919058,80,Río Bueno,Los Ríos,2011-05-01 0:00
INIA-72,Lago Verde,-40.165081,-72.633843,248,Paillaco,Los Ríos,2011-06-01 0:00
INIA-73,Navidad,-36.916365,-71.834824,314,El Carmen,Ñuble,2011-06-01 0:00
INIA-74,Campo Lindo,-30.69899,-71.3217,290,Ovalle,Coquimbo,2011-06-01 0:00
INIA-75,Lluta Alto,-18.393556,-69.963339,895,Arica,Arica y Parinacota,2011-09-02 0:00
INIA-76,Codpa,-18.832508,-69.745559,1870,Camarones,Arica y Parinacota,2013-04-03 0:00
INIA-77,Camarones,-19.011167,-69.857194,730,Camarones,Arica y Parinacota,2013-11-01 0:00
INIA-78,Visviri,-17.594605,-69.477417,4122,General Lagos,Arica y Parinacota,2012-04-01 0:00
INIA-79,Salar de Surire,-18.794647,-69.084443,4269,Putre,Arica y Parinacota,2012-05-01 0:00
INIA-80,Lago Chungará,-18.280792,-69.137992,4570,Putre,Arica y Parinacota,2010-05-01 0:00
INIA-81,Azapa Alto,-18.577454,-69.9472636,838,Arica,Arica y Parinacota,2017-08-18 12:00
INIA-82,Punta Arenas Rural,-53.068313,-70.873761,50,Punta Arenas,Magallanes,2011-12-02 0:00
INIA-83,Tierra del Fuego,-52.805431,-69.273691,58,Primavera,Magallanes,2011-12-03 0:00
INIA-84,Lebu,-37.682541,-73.522167,194,Lebu,Biobío,2012-01-11 0:00
INIA-97,Amolana,-27.955861,-70.005999,1090,Tierra Amarilla,Atacama,2012-04-01 0:00
INIA-98,El Claro,-45.5812,-72.092267,319,Coyhaique,Aisén,2012-06-01 0:00
INIA-99,Las Lomas,-39.700929,-73.014793,22,Máfil,Los Ríos,2013-03-01 0:00
INIA-100,San Antonio de Naltahua,-33.732181,-71.039443,249,Isla de Maipo,Metropolitana,2013-04-01 0:00
INIA-101,San Pedro de Melipilla,-33.897935,-71.452881,145,San Pedro,Metropolitana,2013-04-01 0:00
INIA-102,Santa Carla,-39.679571,-72.611389,264,Los Lagos,Los Ríos,2013-04-01 0:00
INIA-103,Isla Riesco,-53.030495,-71.933637,68,Río Verde,Magallanes,2012-11-16 0:00
INIA-104,Desagüe Rupanco,-40.752634,-72.663894,272,Puyehue,Los Lagos,2013-05-01 0:00
INIA-105,Ensenada,-41.233469,-72.516119,76,Puerto Varas,Los Lagos,2013-06-01 0:00
INIA-132,Palermo,-40.259225,-73.106543,78,La Unión,Los Ríos,2013-12-01 0:00
INIA-133,Quilacahuin,-40.347946,-73.307493,17,San Pablo,Los Lagos,2014-04-01 0:00
INIA-134,Putre,-18.196949,-69.55374,3577,Putre,Arica y Parinacota,2014-06-04 0:00
INIA-135,San Clemente,-35.530653,-71.479505,221,San Clemente,Maule,2014-11-19 0:00
INIA-136,Santa Amada,-35.760761,-71.574215,150,Linares,Maule,2014-11-09 0:00
INIA-137,Chaca,-18.820388,-70.140868,328,Arica,Arica y Parinacota,2014-11-01 0:00
INIA-138,Perales,-38.663889,-72.808889,55,Cholchol,La Araucanía,2015-04-01 0:00
INIA-139,CE Arroz,-36.409298,-72.006731,162,San Carlos,Ñuble,2015-02-07 0:00
INIA-140,Huiscapi,-39.263333,-72.398889,266,Villarrica,La Araucanía,2015-02-14 0:00
INIA-141,El Membrillo,-38.834167,-71.6825,527,Melipeuco,La Araucanía,2015-02-15 0:00
INIA-142,Puala,-39.381944,-71.5725,393,Curarrehue,La Araucanía,2015-03-01 0:00
INIA-143,Santa Inés,-38.504722,-72.343611,263,Lautaro,La Araucanía,2015-03-01 0:00
INIA-144,Manzanares,-37.7725,-72.546111,88,Renaico,La Araucanía,2015-06-04 0:00
INIA-145,Surco y Semilla,-38.0325,-72.285278,379,Collipulli,La Araucanía,2015-03-01 0:00
INIA-146,Las Palmas,-38.227778,-72.273333,388,Victoria,La Araucanía,2015-03-01 0:00
INIA-147,Caballería,-38.455941,-72.740668,167,Galvarino,La Araucanía,2015-03-05 0:00
INIA-148,Marimenuco,-38.731667,-71.140833,1084,Lonquimay,La Araucanía,2015-03-01 0:00
INIA-149,Ticnamar,-18.58007,-69.495965,3220,Putre,Arica y Parinacota,2017-01-01 0:00
INIA-150,Caleta Vitor,-18.781479,-70.283902,88,Arica,Arica y Parinacota,2015-03-01 0:00
INIA-151,Austral,-39.787428,-73.234546,15,Valdivia,Los Ríos,2015-05-01 0:00
INIA-152,Chapiquiña,-18.389472,-69.539417,3300,Putre,Arica y Parinacota,2018-03-01 0:00
INIA-154,Monte Flor-Tucapel,-36.244802,-71.934291,548,Parral,Maule,2015-12-01 0:00
INIA-155,Rucatayo,-40.598896,-72.586541,278,Río Bueno,Los Ríos,2015-12-08 0:00
INIA-156,Belén,-18.468208,-69.523279,3208,Putre,Arica y Parinacota,2015-03-01 0:00
INIA-157,La Isla,-38.03,-72.982,76,Purén,La Araucanía,2016-01-07 0:00
INIA-159,Cerro Castillo,-51.176975,-72.435811,115,Torres del Paine,Magallanes,2016-01-01 0:00
INIA-161,Ponotro,-38.27529,-73.498489,143,Tirúa,Biobío,2016-01-01 0:00
INIA-162,Rinconada - U de Chile,-33.497093,-70.845436,462,Maipú,Metropolitana,2016-04-01 0:00
INIA-163,El Arenal,-34.35575,-70.991278,266,Quinta de Tilcoco,O'Higgins,2016-10-01 0:00
INIA-164,El Quincho,-38.913175,-72.183514,293,Cunco,La Araucanía,2016-09-01 0:00
INIA-165,El Maqui,-32.754967,-71.343432,179,Puchuncaví,Valparaíso,2017-01-01 0:00
INIA-166,La Junta,-43.916933,-72.387343,40,Cisnes,Aisén,2017-02-01 0:00
INIA-167,Cuncumén,-33.736215,-71.421579,215,San Antonio,Valparaíso,2017-07-07 0:00
INIA-168,Faja Maisan,-39.071148,-72.92198,56,Pitrufquén,La Araucanía,2017-08-01 0:00
INIA-201,Huacamapu,-40.659175,-73.491723,144,San Juan de la Costa,Los Lagos,2017-07-20 0:00
INIA-202,Pica,-20.501476,-69.342572,1325,Pica,Tarapacá,2017-08-15 0:00
INIA-203,Los Arrayanes,-39.1041699,-73.1618209,18,Toltén,La Araucanía,2017-07-20 0:00
INIA-204,Cuya,-19.161922,-70.180968,97,Camarones,Arica y Parinacota,2017-07-20 0:00
INIA-205,San Enrique,-39.261711,-71.868097,279,Pucón,La Araucanía,2017-07-20 0:00
INIA-206,Gaby Ranquilco,-38.116919,-72.883497,76,Lumaco,La Araucanía,2017-08-01 0:00
INIA-207,Carelmapu,-41.709733,-73.6722625,29,Maullín,Los Lagos,2017-08-01 0:00
INIA-208,La Paz,-39.428135,-72.718521,86,Loncoche,La Araucanía,2017-08-01 0:00
INIA-209,San Rafael,-38.070667,-72.724176,173,Los Sauces,La Araucanía,2017-08-01 0:00
INIA-210,El Asiento,-34.029282,-70.995098,351,Alhué,Metropolitana,2017-08-01 0:00
INIA-211,Puralihue,-36.431036,-72.647783,36,Treguaco,Ñuble,2017-08-05 0:00
INIA-212,Lomas,-35.8354491,-72.587489,172,Pelluhue,Maule,2017-08-06 0:00
INIA-213,Colliguay,-33.1686089,-71.1557171,580,Quilpué,Valparaíso,2017-08-06 0:00
INIA-214,Deuca,-35.127819,-71.955951,48,Curepto,Maule,2017-08-06 0:00
INIA-215,San Jorge Los Niches,-35.0918,-71.120579,310,Curicó,Maule,2017-08-06 0:00
INIA-216,Camar,-23.407102,-67.963735,2694,San Pedro de Atacama,Antofagasta,2017-08-09 0:00
INIA-217,Puente Negro,-34.386351,-71.98571,10,Pichilemu,O'Higgins,2017-08-09 0:00
INIA-218,Altos la Portada,-23.5040977,-70.4046663,105,Antofagasta,Antofagasta,2017-08-11 0:00
INIA-219,Estancia 5 de Enero,-52.432478,-70.360583,113,San Gregorio,Magallanes,2017-09-02 0:00
INIA-220,Huentelauquén,-31.5885,-71.509833,22,Canela,Coquimbo,2017-09-01 0:00
INIA-221,Quilimarí,-32.119098,-71.460005,27,Los Vilos,Coquimbo,2017-09-01 0:00
INIA-222,Estancia Zenia,-53.319496,-69.698147,151,Porvenir,Magallanes,2017-09-01 0:00
INIA-223,Falda Verde,-26.299806,-70.624111,127,Chañaral,Atacama,2017-09-01 0:00
INIA-224,La Copa,-27.345439,-70.622009,188,Copiapó,Atacama,2017-09-01 0:00
INIA-225,La Cachina,-25.433987,-70.453243,213,Taltal,Antofagasta,2017-10-05 0:00
INIA-226,Bajada Ibañez,-46.180619,-72.043261,523,Río Ibáñez,Aisén,2017-08-19 7:00
INIA-227,Miraflores,-35.818051,-71.775019,124,Longaví,Maule,2017-11-06 15:30
INIA-228,Liceo Jean Buchanan,-34.3972892,-71.1646719,185,Peumo,O'Higgins,2017-11-15 14:45
INIA-229,Chaguaral,-30.857084,-70.730689,1194,Monte Patria,Coquimbo,2016-05-11 0:00
INIA-230,Pid-Pid,-42.411747,-73.783913,81,Castro,Los Lagos,2018-02-01 0:00
INIA-231,Quilquico,-42.491512,-73.708817,109,Castro,Los Lagos,2018-02-01 0:00
INIA-232,Isla Chelin,-42.589153,-73.532906,33,Castro,Los Lagos,2018-02-02 0:00
INIA-233,Radal,-38.98547,-72.381617,168,Freire,La Araucanía,2018-02-20 0:00
INIA-234,Arroyo el Gato,-45.162902,-71.943627,504,Coyhaique,Aisén,2017-09-01 0:00
INIA-235,San Sebastián,-38.435064,-72.399024,299,Perquenco,La Araucanía,2018-03-01 0:00
INIA-236,Taplon,-38.83295,-72.506385,130,Padre las Casas,La Araucanía,2018-03-01 0:00
INIA-237,El Vergel,-37.8278098,-72.6596649,81,Angol,La Araucanía,2018-03-01 0:00
INIA-238,Pailahueque,-38.145552,-72.298333,379,Ercilla,La Araucanía,2018-03-01 0:00
INIA-239,Collimallin,-38.606698,-72.701057,60,Temuco,La Araucanía,2018-03-01 0:00
INIA-301,Ñirehuao,-45.249744,-71.69425,510,Coyhaique,Aisén,2018-03-01 0:00
INIA-302,Pampa Concordia,-18.362922,-70.302033,65,Arica,Arica y Parinacota,2018-05-17 19:30
INIA-303,Rayentué,-34.321704,-70.833901,376,Rengo,O'Higgins,2018-06-01 0:00
INIA-304,Ajial de Quiles,-30.920303,-71.3841,464,Punitaqui,Coquimbo,2019-01-18 0:00
INIA-305,La Polvareda,-30.882719,-71.239736,265,Punitaqui,Coquimbo,2019-01-18 0:00
INIA-306,Puerto Ibañez,-46.278309,-71.941433,225,Río Ibáñez,Aisén,2019-06-04 0:00
INIA-307,Licanchen,-33.9297485,-71.8010025,24,Navidad,O'Higgins,2019-09-11 14:15
INIA-308,Las Puentes,-37.305126,-73.436712,120,Arauco,Biobío,2019-09-29 0:00
INIA-309,Tenaún,-42.312675,-73.399902,130,Dalcahue,Los Lagos,2019-10-01 0:00
INIA-310,Santa Lucía,-36.69746,-72.704216,268,Florida,Biobío,2019-11-19 0:00
INIA-311,El Oasis,-33.286268,-70.83606,485,Lampa,Metropolitana,2020-11-04 0:00
INIA-312,La Colonia,-37.288681,-72.59151,120,Laja,Biobío,2021-01-15 0:00
INIA-313,Chacabuco,-33.2488,-70.72322,700,Colina,Metropolitana,2021-03-02 14:00
INIA-314,Chorrillos,-33.34368,-70.8185,485,Lampa,Metropolitana,2021-04-01 0:00
INIA-315,El Villorrio,-33.562443,-70.875305,406,Padre Hurtado,Metropolitana,2021-05-28 15:00
INIA-316,Santa Amelia,-33.668744,-70.912195,360,Talagante,Metropolitana,2021-06-23 12:00
INIA-317,Peor es Nada,-34.783248,-71.043411,283,Chimbarongo,O'Higgins,2021-06-24 12:00
INIA-318,La Aurora,-33.429661,-71.029152,205,Curacaví,Metropolitana,2021-08-11 15:00
INIA-319,Los Acacios,-30.700483,-71.286422,254,Ovalle,Coquimbo,2021-11-09 13:00
INIA-320,El Parrón,-33.508555,-71.084029,166,María Pinto,Metropolitana,2022-01-26 0:00
INIA-321,Valdivia de Paine,-33.7986592,-70.8413394,360,Buin,Metropolitana,2022-03-24 15:30
INIA-322,Contulmo Urbano,-38.018318,-73.230247,46,Contulmo,Biobío,2022-05-12 16:45
INIA-323,Las Naranjas,-30.8614346,-71.4093676,560,Ovalle,Coquimbo,2022-06-01 14:00
INIA-324,Putenio,-41.670875,-73.133367,70,Calbuco,Los Lagos,2023-10-19 16:00
VDCH-21,Anakena,-34.30472222,-70.77166667,,Requinoa,O'Higgins,2010-01-01 0:00
VDCH-36,Aresti,-35.15138889,-71.29805556,259,Molina,Maule,2011-01-01 0:00
VDCH-6,Casa Marín,-33.52444444,-71.54555556,32,Cartagena,Valparaíso,2011-08-29 0:00
VDCH-9,Casa Rivas (N.C.),-33.50638889,-71.06083333,236,Curacaví,Metropolitana,2011-01-01 0:00
VDCH-24,Casa Silva-Los Lingues,-34.50222222,-70.89472222,317,San Fernando,O'Higgins,2011-01-01 0:00
VDCH-41,Casas Patronales,-35.49166667,-71.44555556,,San Clemente,Maule,2010-01-01 0:00
VDCH-16,Chocalán ,-33.76055556,-71.22555556,,Melipilla,Metropolitana,2010-01-01 0:00
VDCH-50,Concha y Toro - Pencahue,-35.44522,-71.83436,63,Pencahue,Maule,2018-01-01 0:00
VDCH-30,Conosur,-34.71555556,-71.03861111,,Chimbarongo,O'Higgins,2010-01-01 0:00
VDCH-14,De Martino,-33.58194444,-70.88055556,,Isla de Maipo,Metropolitana,2010-01-01 0:00
VDCH-37,El Aromo,-35.53555556,-71.59833333,119,Maule,Maule,2011-01-01 0:00
VDCH-7,Emiliana,-33.36138889,-71.30916667,,Casablanca,Valparaíso,2010-01-01 0:00
VDCH-102,Emiliana - Casablanca,-33.3653188,-71.3067019,,Casablanca,Valparaíso,2010-01-01 0:00
VDCH-101,Emiliana - Limarí,-30.7122546,-71.3567588,,Ovalle,Coquimbo,2010-01-01 0:00
VDCH-3,Errazuriz,-32.89861111,-71.35166667,,Quillota,Valparaíso,2010-01-01 0:00
VDCH-1,Falernia,-30.0275,-70.80166667,,Vicuña,Coquimbo,2010-01-01 0:00
VDCH-5,Garcés Silva,-33.68138889,-71.49583333,,San Antonio,Valparaíso,2010-01-01 0:00
VDCH-44,Guilisasti,-37.64833333,-72.21611111,,Mulchén,Bío Bío,2010-01-01 0:00
VDCH-32,Hacienda Araucano-Lolol,-34.72722222,-71.58888889,132,Peralillo,O'Higgins,2011-12-09 0:00
VDCH-39,J. Bouchon,-35.56916667,-71.99527778,175,San Javier,Maule,2011-01-01 0:00
VDCH-23,La Rosa – Oeste,-34.325,-71.23944444,159,Peumo,O'Higgins,2011-01-01 0:00
VDCH-49,Laberinto,-35.6993,-71.2687,,Colbún,Maule,2010-01-01 0:00
VDCH-26,Lapostolle-Apalta,-34.59361111,-71.30222222,229,Santa Cruz,O'Higgins,2011-01-01 0:00
VDCH-25,Luis Felipe Edwards,-34.69305556,-71.15694444,210,Nancagua,O'Higgins,2011-01-01 0:00
VDCH-105,Luis Felipe Edwards - Leyda,-33.6711073,-71.5370882,,San Antonio,Valparaíso,2010-01-01 0:00
VDCH-108,Luis Felipe Edwards - Mantul,-35.9298435,-71.7748861,,Retiro,Maule,2010-01-01 0:00
VDCH-107,Luis Felipe Edwards - Puquillay,-34.6799266,-71.1307992,,Nancagua,O'Higgins,2010-01-01 0:00
VDCH-55,Luis Felipe Edwards – Santo Domingo,-33.737533,-71.639331,89,Santo Domingo,Valparaíso,2022-08-24 0:00
VDCH-54,Luis Felipe Edwards-Las Rosas,-35.889749,-71.856565,124,Retiro,Maule,2018-04-18 0:00
VDCH-4,Luis Felipe Edwards-Leyda,-33.73975,-71.636778,,Santo Domingo,Valparaíso,2010-01-01 0:00
VDCH-53,Luis Felipe Edwards-Pumanque,-34.640893,-71.776318,85,Pumanque,O'Higgins,2018-04-18 0:00
VDCH-28,Montes,-34.34055556,-71.65222222,,Marchihue,O'Higgins,2010-01-01 0:00
VDCH-302,Montes - Apalta,-34.61104,-71.27045,,Santa Cruz,O'Higgins,2010-01-01 0:00
VDCH-303,Montes - Chiloé,-42.323,-73.24497,,Quemchi,Los Lagos,2010-01-01 0:00
VDCH-301,Montes - Marchigue,-34.34059,-71.65213,,Marchihue,O'Higgins,2010-01-01 0:00
VDCH-11,Morandé,-33.58138889,-70.71666667,,San Bernardo,Metropolitana,2010-01-01 0:00
VDCH-12,Morandé - Romeral,-33.70638889,-70.77277778,,Buin,Metropolitana,2010-01-01 0:00
VDCH-43,Odjfell,-36.14472222,-72.26583333,,Cauquenes,Maule,2010-01-01 0:00
VDCH-17,Pérez Cruz,-33.84305556,-70.61972222,462,Buin,Metropolitana,2011-01-04 0:00
VDCH-15,San Pedro,-33.76888889,-70.92972222,323,Paine,Metropolitana,2011-12-18 0:00
VDCH-19,San Pedro-El Tránsito,-33.77111111,-70.68555556,448,Paine,Metropolitana,2011-01-01 0:00
VDCH-35,San Pedro-Molina,-35.10305556,-71.33833333,230,Molina,Maule,2011-01-01 0:00
VDCH-38,San Pedro-Pencahue,-35.33388889,-71.76916667,69,Pencahue,Maule,2011-01-01 0:00
VDCH-22,San Pedro-Totihue,-34.34111111,-70.72777778,410,Requinoa,O'Higgins,2011-01-01 0:00
VDCH-20,Santa Carolina,-33.59972222,-70.64972222,,Paine,Metropolitana,2010-01-01 0:00
VDCH-307,Santa Carolina - El Encuentro,-35.89338,-72.03633,,Cauquenes,Maule,2010-01-01 0:00
VDCH-305,Santa Carolina - Llallauquén,-34.22344,-71.41124,,Las Cabras,O'Higgins,2010-01-01 0:00
VDCH-306,Santa Carolina - San Francisco,-36.06524,-72.4629,,Cauquenes,Maule,2010-01-01 0:00
VDCH-304,Santa Carolina - Totihue,-34.33721,-70.80092,,Requinoa,O'Higgins,2010-01-01 0:00
VDCH-13,Santa Rita,-33.71861111,-70.66916667,518,Buin,Metropolitana,2011-01-18 0:00
VDCH-201,Santa Rita - Alhué,-34.028,-71.1429,,Alhué,Metropolitana,2010-01-01 0:00
VDCH-204,Santa Rita - Apalta,-34.6094,-71.2854,,Santa Cruz,O'Higgins,2010-01-01 0:00
VDCH-206,Santa Rita - Porvenir,-35.1725,-71.2755,,Molina,Maule,2010-01-01 0:00
VDCH-46,Siegel,-34.52545,-70.88758,347,San Fernando,O'Higgins,2017-07-07 0:00
VDCH-47,Sierras de Bellavista,-34.815583,-70.751067,,San Fernando,O'Higgins,2010-01-01 0:00
VDCH-2,Tamaya,-30.56638889,-71.39611111,,Ovalle,Coquimbo,2010-01-01 0:00
VDCH-34,Terramater,-35.01444444,-71.43166667,,Sagrada Familia,Maule,2010-01-01 0:00
VDCH-40,Torres,-35.56722222,-72.29,496,San Javier,Maule,2011-03-22 0:00
VDCH-42,Undurraga,-35.99666667,-72.26166667,,Cauquenes,Maule,2010-01-01 0:00
VDCH-18,Ventisquero,-34.0225,-71.34416667,180,Buin,Metropolitana,2011-01-01 0:00
VDCH-45,Ventisquero - Leyda,-33.68548333,-71.54943056,219,San Antonio,Valparaíso,2016-04-07 0:00
VDCH-27,Ventisquero-Apalta,-34.60805556,-71.24694444,365,Santa Cruz,O'Higgins,2011-08-31 0:00
VDCH-29,Ventisquero-Patacón,-34.857965,-71.755156,,Lolol,O'Higgins,2010-01-01 0:00
VDCH-31,Ventisquero-Peralillo,-34.39444444,-71.44555556,141,Peralillo,O'Higgins,2012-10-18 0:00
VDCH-8,Ventisquero-Tapihue,-33.30055556,-71.28333333,321,Casablanca,Valparaíso,2012-10-10 0:00
VDCH-48,Via Wines,-35.0904667,-71.177367,,Curicó,Maule,2010-01-01 0:00
VDCH-33,Viñedos Puertas,-34.98694444,-71.27972222,192,Curicó,Maule,2017-10-26 0:00
VDCH-52,Viu Manent – Peralillo,-34.49583333,-71.49166667,157,Peralillo,O'Higgins,2018-07-09 0:00
VDCH-51,Viu Manent – Santa Cruz,-34.64611111,-71.31361111,181,Santa Cruz,O'Higgins,2018-10-05 0:00
VDCH-111,VP - Cauquenes,-35.759194,-72.069611,,Cauquenes,Maule,2010-01-01 0:00
VDCH-109,VP - Curicó,-35.023972,-71.151389,,Curicó,Maule,2010-01-01 0:00
VDCH-112,VP - Maule,-35.527889,-71.614778,,Maule,Maule,2010-01-01 0:00
VDCH-113,VP - Nancagua,-34.651639,-71.216778,,Nancagua,O'Higgins,2010-01-01 0:00
VDCH-110,VP - Retiro,-36.018778,-71.772639,,Retiro,Maule,2010-01-01 0:00
VDCH-10,William Fevre,-33.67138889,-70.58166667,662,Pirque,Metropolitana,2016-04-04 0:00
